frameIndex,coord,centroid
2130,"[(28.444754, 236.20497), (93.796646, 267.59955), (19.240591, 13.001372), (105.77444, 207.41273), (165.38, 214.0823), (58.303734, 301.5161), (141.99138, 328.99347), (134.39185, 212.37944), (350.23624, 244.06505)]","(121.95107055555556, 225.0283313333333)"
2580,"[(19.429688, 190.89662), (82.92025, 157.04999), (81.40391, 224.26588), (127.948784, 93.857864), (162.20328, 111.45432), (386.60266, 119.00147), (58.72643, 134.0496), (10.739324, 9.841214), (14.369307, 8.344616), (27.598288, 119.60184)]","(97.1941921, 116.8363414)"
8370,"[(8.719776, 11.027002), (25.255938, 238.37135), (116.807755, 312.7598), (37.618904, 298.09906), (104.501335, 127.361496), (78.96995, 185.61185), (314.55402, 253.30478), (89.44305, 248.22314), (170.76591, 215.83392)]","(105.18184866666667, 210.065822)"
10710,"[(172.91591, 214.5879), (28.874361, 174.25955), (33.87207, 114.04308), (108.59753, 154.92213), (73.599335, 154.06192), (329.48413, 214.49687), (82.85843, 202.38028), (121.54999, 98.84269), (14.698223, 6.476506)]","(107.383331, 148.23010288888887)"
19410,"[(23.389156, 178.19778), (17.32368, 14.896796), (97.50204, 136.456), (115.914856, 113.2963), (370.36533, 147.02873), (208.77245, 116.47611), (203.05, 8.403569), (28.360643, 119.75182), (86.36471, 226.07825), (77.785484, 161.3083)]","(122.88283489999999, 122.18936550000001)"
23580,"[(107.72998, 170.45064), (38.677372, 301.81787), (176.58586, 179.80264), (94.20183, 240.13318), (96.53443, 171.05087), (13.852214, 14.597239), (28.694386, 240.67276), (114.93352, 312.59262), (315.49588, 230.17458)]","(109.63394133333333, 206.81026655555556)"
36840,"[(385.09802, 99.40669), (98.244316, 93.79656), (172.15198, 90.64597), (89.18947, 218.1183), (77.63049, 144.89642), (22.776953, 183.4591), (100.0986, 133.28993), (15.5185375, 18.259851), (46.77512, 119.83438)]","(111.94260961111111, 122.41191122222222)"
45540,"[(13.532791, 293.23376), (30.899914, 309.56635), (20.358957, 16.704008), (67.65385, 257.59164), (328.2492, 230.17703), (110.829865, 316.33148), (23.187511, 236.4444), (90.353, 195.04242), (73.16359, 168.70576)]","(84.24763088888888, 224.86631644444444)"
